title,link,source,collected_at
"Happy birthday, Dow! Being 130 years old doesn’t make it too antiquated to follow.",https://www.marketwatch.com/story/happy-birthday-dow-being-130-years-old-doesnt-make-it-too-antiquated-to-follow-52f921b0?mod=mw_rss_topstories,MarketWatch,2026-05-26 16:43:22.912813
This new quantum stock could debut with a valuation of nearly $13 billion,https://www.marketwatch.com/story/this-new-quantum-stock-could-debut-with-a-valuation-of-nearly-13-billion-9593b4e4?mod=mw_rss_topstories,MarketWatch,2026-05-26 16:43:22.912817
My student loans are paused until 2028. Should I pay them now anyway?,https://www.marketwatch.com/story/my-student-loans-are-paused-until-2028-should-i-pay-them-now-anyway-136fe97e?mod=mw_rss_topstories,MarketWatch,2026-05-26 16:43:22.912819
‘I feel like I’m living a lie’: My husband and I pretend we’re strapped for cash in front of friends. Is that bad?,https://www.marketwatch.com/story/i-feel-like-im-living-a-lie-my-husband-and-i-pretend-were-strapped-for-cash-in-front-of-friends-is-that-bad-1cf6104a?mod=mw_rss_topstories,MarketWatch,2026-05-26 16:43:22.912820
"Americans feel worse than ever, a consumer survey shows. The White House says that’s bunk. Who’s right?",https://www.marketwatch.com/story/americans-feel-worse-than-ever-a-consumer-survey-shows-the-white-house-says-thats-bunk-whos-right-4f4f1406?mod=mw_rss_topstories,MarketWatch,2026-05-26 16:43:22.912822
Putting your baby to work as a model could net them $5.7 million by age 60. Here’s the legit way to do it.,https://www.marketwatch.com/story/putting-your-baby-to-work-as-a-model-could-net-them-5-7-million-by-age-60-heres-the-legit-way-to-do-it-9f34562f?mod=mw_rss_topstories,MarketWatch,2026-05-26 16:43:22.912823
"My friend, 62, earns $20,000 a year. Should she take Social Security now — and claim survivor’s benefit at 67?",https://www.marketwatch.com/story/my-friend-62-earns-20-000-a-year-should-she-take-social-security-now-or-claim-survivors-benefit-at-67-c661bdca?mod=mw_rss_topstories,MarketWatch,2026-05-26 16:43:22.912824
Starlink signs a new airline customer as it races to be the top in-flight internet provider,https://www.marketwatch.com/story/starlink-signs-a-new-airline-customer-as-it-races-to-be-the-top-in-flight-internet-provider-4e08e2cf?mod=mw_rss_topstories,MarketWatch,2026-05-26 16:43:22.912825
This bear market signal Wall Street ignores is putting your money at risk right now,https://www.marketwatch.com/story/this-bear-market-signal-wall-street-ignores-is-putting-your-money-at-risk-right-now-46f1fcf3?mod=mw_rss_topstories,MarketWatch,2026-05-26 16:43:22.912826
More than 9 million people are missing out on $58 billion in food and medical benefits. Are you one of them?,https://www.marketwatch.com/story/more-than-9-million-people-are-missing-out-on-58-billion-in-food-and-medical-benefits-are-you-one-of-them-d2e79770?mod=mw_rss_topstories,MarketWatch,2026-05-26 16:43:22.912828
